{
  "log_L": {
    "median": 42.79481506347656,
    "q16": 42.77541732788086,
    "q84": 42.81343078613281,
    "prior_lo": 42.5,
    "prior_hi": 43.5,
    "CR": 0.038013458251953125
  },
  "v_inner": {
    "median": 7735.9287109375,
    "q16": 7641.0859375,
    "q84": 7833.27001953125,
    "prior_lo": 7000.0,
    "prior_hi": 15000.0,
    "CR": 0.024023009464144707
  },
  "log_rho_0": {
    "median": -13.814329147338867,
    "q16": -13.843749046325684,
    "q84": -13.783756256103516,
    "prior_lo": -14.0,
    "prior_hi": -12.3,
    "CR": 0.03528987616300583
  },
  "density_exp": {
    "median": -4.204946517944336,
    "q16": -4.3351874351501465,
    "q84": -4.087332725524902,
    "prior_lo": -10.0,
    "prior_hi": -4.0,
    "CR": 0.04130911827087402
  },
  "T_e_ratio": {
    "median": 0.871549129486084,
    "q16": 0.8569585084915161,
    "q84": 0.8859003186225891,
    "prior_lo": 0.7,
    "prior_hi": 1.0,
    "CR": 0.09647269546985626
  },
  "v_core": {
    "median": 10579.265625,
    "q16": 9788.005859375,
    "q84": 11417.5712890625,
    "prior_lo": 9000.0,
    "prior_hi": 17000.0,
    "CR": 0.20369568467140198
  },
  "v_wall": {
    "median": 16507.41796875,
    "q16": 14289.9111328125,
    "q84": 18896.287109375,
    "prior_lo": 12000.0,
    "prior_hi": 24000.0,
    "CR": 0.3838646709918976
  },
  "X_Fe_core": {
    "median": 0.05439193546772003,
    "q16": 0.05221991986036301,
    "q84": 0.05670682713389397,
    "prior_lo": 0.05,
    "prior_hi": 0.85,
    "CR": 0.0056086340919137
  },
  "X_Si_wall": {
    "median": 0.5648597478866577,
    "q16": 0.48933008313179016,
    "q84": 0.639983594417572,
    "prior_lo": 0.05,
    "prior_hi": 0.75,
    "CR": 0.21521930396556854
  },
  "v_break": {
    "median": 20342.412109375,
    "q16": 19322.470703125,
    "q84": 21272.6484375,
    "prior_lo": 10000.0,
    "prior_hi": 22000.0,
    "CR": 0.1625148057937622
  },
  "density_exp_outer": {
    "median": -5.393692493438721,
    "q16": -6.34293794631958,
    "q84": -4.567656517028809,
    "prior_lo": -14.0,
    "prior_hi": -4.0,
    "CR": 0.17752814292907715
  },
  "t_exp": {
    "median": 10.721916198730469,
    "q16": 10.390732765197754,
    "q84": 11.067004203796387,
    "prior_lo": 10.0,
    "prior_hi": 28.0,
    "CR": 0.037570636719465256
  },
  "X_Fe_wall": {
    "median": 0.058921147137880325,
    "q16": 0.050566211342811584,
    "q84": 0.06736843287944794,
    "prior_lo": 0.001,
    "prior_hi": 0.5,
    "CR": 0.033671785145998
  },
  "X_Ni": {
    "median": 0.21916058659553528,
    "q16": 0.20238962769508362,
    "q84": 0.2350854128599167,
    "prior_lo": 0.005,
    "prior_hi": 0.25,
    "CR": 0.1334521770477295
  },
  "X_Fe_outer": {
    "median": 0.0601714551448822,
    "q16": 0.05064159631729126,
    "q84": 0.07006317377090454,
    "prior_lo": 0.001,
    "prior_hi": 0.15,
    "CR": 0.1303461492061615
  },
  "X_Fe_z0": {
    "median": 0.3808971047401428,
    "q16": 0.34639498591423035,
    "q84": 0.4146045446395874,
    "prior_lo": 0.001,
    "prior_hi": 0.85,
    "CR": 0.08034106343984604
  },
  "X_Si_z0": {
    "median": 0.0801929235458374,
    "q16": 0.05284414440393448,
    "q84": 0.1068795919418335,
    "prior_lo": 0.001,
    "prior_hi": 0.75,
    "CR": 0.07214345037937164
  },
  "X_S_z0": {
    "median": 0.018731748685240746,
    "q16": 0.00958318542689085,
    "q84": 0.028142454102635384,
    "prior_lo": 0.001,
    "prior_hi": 0.1,
    "CR": 0.18746736645698547
  },
  "X_Ca_z0": {
    "median": 0.06611151993274689,
    "q16": 0.04346410557627678,
    "q84": 0.08522776514291763,
    "prior_lo": 0.001,
    "prior_hi": 0.1,
    "CR": 0.4218551516532898
  },
  "X_Ni_z0": {
    "median": 0.23371094465255737,
    "q16": 0.194114550948143,
    "q84": 0.27335241436958313,
    "prior_lo": 0.001,
    "prior_hi": 0.4,
    "CR": 0.19859114289283752
  },
  "X_Mg_z0": {
    "median": 0.05114496499300003,
    "q16": 0.025748349726200104,
    "q84": 0.07665735483169556,
    "prior_lo": 0.001,
    "prior_hi": 0.1,
    "CR": 0.5142323970794678
  },
  "X_Ti_z0": {
    "median": 0.008668674156069756,
    "q16": 0.0039561293087899685,
    "q84": 0.013682087883353233,
    "prior_lo": 0.0001,
    "prior_hi": 0.02,
    "CR": 0.48874160647392273
  },
  "X_Cr_z0": {
    "median": 0.010287746787071228,
    "q16": 0.00544432457536459,
    "q84": 0.015100162476301193,
    "prior_lo": 0.0001,
    "prior_hi": 0.02,
    "CR": 0.48521798849105835
  },
  "X_Fe_z1": {
    "median": 0.02413186989724636,
    "q16": 0.007537941914051771,
    "q84": 0.05217818170785904,
    "prior_lo": 0.001,
    "prior_hi": 0.85,
    "CR": 0.052579790353775024
  },
  "X_Si_z1": {
    "median": 0.16682544350624084,
    "q16": 0.07278310507535934,
    "q84": 0.2743525803089142,
    "prior_lo": 0.001,
    "prior_hi": 0.75,
    "CR": 0.2691181004047394
  },
  "X_S_z1": {
    "median": 0.024523088708519936,
    "q16": 0.010172463953495026,
    "q84": 0.042064715176820755,
    "prior_lo": 0.001,
    "prior_hi": 0.1,
    "CR": 0.32214394211769104
  },
  "X_Ca_z1": {
    "median": 0.052307359874248505,
    "q16": 0.028991634026169777,
    "q84": 0.07565362006425858,
    "prior_lo": 0.001,
    "prior_hi": 0.1,
    "CR": 0.47133320569992065
  },
  "X_Ni_z1": {
    "median": 0.14597590267658234,
    "q16": 0.062403224408626556,
    "q84": 0.24154029786586761,
    "prior_lo": 0.001,
    "prior_hi": 0.4,
    "CR": 0.4489651322364807
  },
  "X_Mg_z1": {
    "median": 0.0513589009642601,
    "q16": 0.025121403858065605,
    "q84": 0.07817551493644714,
    "prior_lo": 0.001,
    "prior_hi": 0.1,
    "CR": 0.5359001159667969
  },
  "X_Ti_z1": {
    "median": 0.0096717718988657,
    "q16": 0.004432443529367447,
    "q84": 0.014883147552609444,
    "prior_lo": 0.0001,
    "prior_hi": 0.02,
    "CR": 0.5251610279083252
  },
  "X_Cr_z1": {
    "median": 0.008858675137162209,
    "q16": 0.00437997467815876,
    "q84": 0.013606385327875614,
    "prior_lo": 0.0001,
    "prior_hi": 0.02,
    "CR": 0.4636387228965759
  },
  "X_Fe_z2": {
    "median": 0.24271038174629211,
    "q16": 0.1477002203464508,
    "q84": 0.33894452452659607,
    "prior_lo": 0.001,
    "prior_hi": 0.85,
    "CR": 0.22525832056999207
  },
  "X_Si_z2": {
    "median": 0.19998988509178162,
    "q16": 0.13534317910671234,
    "q84": 0.2657873332500458,
    "prior_lo": 0.001,
    "prior_hi": 0.75,
    "CR": 0.1741577535867691
  },
  "X_S_z2": {
    "median": 0.050195302814245224,
    "q16": 0.025206413120031357,
    "q84": 0.07614993304014206,
    "prior_lo": 0.001,
    "prior_hi": 0.1,
    "CR": 0.514581024646759
  },
  "X_Ca_z2": {
    "median": 0.05192539095878601,
    "q16": 0.028066400438547134,
    "q84": 0.07563648372888565,
    "prior_lo": 0.001,
    "prior_hi": 0.1,
    "CR": 0.48050588369369507
  },
  "X_Ni_z2": {
    "median": 0.28381848335266113,
    "q16": 0.20749299228191376,
    "q84": 0.35146746039390564,
    "prior_lo": 0.001,
    "prior_hi": 0.4,
    "CR": 0.36083826422691345
  },
  "X_Mg_z2": {
    "median": 0.0454542376101017,
    "q16": 0.021345358341932297,
    "q84": 0.07153978198766708,
    "prior_lo": 0.001,
    "prior_hi": 0.1,
    "CR": 0.5070143938064575
  },
  "X_Ti_z2": {
    "median": 0.010215520858764648,
    "q16": 0.005065839737653732,
    "q84": 0.015373007394373417,
    "prior_lo": 0.0001,
    "prior_hi": 0.02,
    "CR": 0.5179481506347656
  },
  "X_Cr_z2": {
    "median": 0.010101853869855404,
    "q16": 0.004869462922215462,
    "q84": 0.015621419996023178,
    "prior_lo": 0.0001,
    "prior_hi": 0.02,
    "CR": 0.5402993559837341
  },
  "X_Fe_z3": {
    "median": 0.1902482658624649,
    "q16": 0.09137559682130814,
    "q84": 0.2934228777885437,
    "prior_lo": 0.001,
    "prior_hi": 0.85,
    "CR": 0.23798267543315887
  },
  "X_Si_z3": {
    "median": 0.34701526165008545,
    "q16": 0.199540376663208,
    "q84": 0.49523618817329407,
    "prior_lo": 0.001,
    "prior_hi": 0.75,
    "CR": 0.394787460565567
  },
  "X_S_z3": {
    "median": 0.0477011501789093,
    "q16": 0.023183519020676613,